url,city,companyName,state
http://www.adm.com,Decatur,ADM Trucking,IL
http://www.andeavor.com,South Gate,Andeavor,CA
http://www.ashland.com,Columbus,Ashland Inc.,OH
,,,
http://www.chemtradelogistics.com,N. York,Chemtrade Logistics,ON
http://www.cpchem.com,Borger,Chevron Phillips Chemical Co.,TX
http://www.cleanharbors.com,Norwell,Clean Harbors Environmental Svcs.,MA
http://www.colvilleinc.com,Fairbanks,Colville Transport,AK
http://www.kwiktrip.com/ct.asp,La Crosse,Convenience Tptn./Kwik Trip,WI
http://www.cumberlandgulf.com,Westborough,Cumberland Gulf Group of Companies,MA
,,,
http://www.deltafuel.com,Ferriday,"Delta Fuel Company, Inc.",LA
http://www.burkeoil.com,Taunton,"Dennis K. Burke, Inc.",MA
,,,
http://www.crosstexenergy.com,Marietta,Enlink Midstream,OH
,,,
http://www.fna.com,Overland Park,"Ferrell North America, a Division of Ferrell Gas",KS
,,,
http://www.gasco.net,Three Lakes,"Gas Distrubution Systems, Inc.",WI
,,,
http://www.halcolubricants.com,Norcross,Halco Industries LLC,GA
http://www.holidaystationstores.com,Bloomington,Holiday Companies,MN
,,HollyFrontier,Tulsa
,,,
http://www.jacksonoilco.com,Meridian,Jackson Oil ,ID
,,,
http://www.kuehnecompany.com,Kearny,"Kuehne Chemical Company, Inc.",NJ
,,,
http://www.lambfuels.com,Chula Vista,"Lamb Fuels, Inc.",CA
http://www.liquidpower.com,Bryan,"LSP Transport, LLC.",TX
,,,
http://www.mansfieldoil.com,Gainesville,Mansfield Oil Company,GA
http://www.aeroenergy.com,New Oxford,"Mid-Atlantic Cooperative Solutions, Inc. DBA Aero Energy",PA
http://www.midstateenv.com,Robstown,Midstate Environmental,TX
,,,
,,Nelson Brothers,Birmingham
,,,
http://www.olinchloralkali.com,Henderson,Olin Chlor Alkali Products,NV
,,,
http://www.pacerenergymarketing.com,Tulsa,"Pacer Energy Marketing, LLC",OK
http://www.pepsico.com,Plano,"Pepsi Logistics Company, Inc.",TX
http://www.pilotflyingj.com,Knoxville,Pilot Flying J,TN
http://www.poolsure.com,Houston,Poolsure,TX
http://www.pvschemicals.com,Detroit,"PVS Transportation, Inc.",MI
,,,
http://www.rbsfuel.com,Angleton,"R. B. Stewart Petroleum PRoducts, Inc.",TX
,,,
http://www.spragueenergy.com,Lawrence,Sprague Operating Resources LLC,NY
http://www.sunocoinc.com,Newtown Square,"Sunoco, Inc.",PA
,,,
,,Transportes Transred S.A. de C.V.,"Monterrey, N.L."
,,,
http://www.univar.com,Redmond,Univar USA Inc.,WA
